<?xml version="1.0" encoding="UTF-8"?>
<config xmlns="http://www.knime.org/2008/09/XMLConfig" xmlns:xsi="http://www.w3.org/2001/XMLSchema-instance" xsi:schemaLocation="http://www.knime.org/2008/09/XMLConfig http://www.knime.org/XMLConfig_2008_09.xsd" key="model.xml">
    <entry key="version" type="xint" value="1"/>
    <entry key="class_name" type="xstring" value="org.knime.base.data.normalize.NormalizerPortObject"/>
    <config key="model">
        <config key="columns">
            <config key="citric acid">
                <entry key="column_name" type="xstring" value="citric acid"/>
                <entry key="column_scale" type="xdouble" value="1.627906976744186"/>
                <entry key="column_translate" type="xdouble" value="-0.07906976744186045"/>
                <entry key="column_min" type="xdouble" value="0.1"/>
                <entry key="column_max" type="xdouble" value="0.8"/>
            </config>
        </config>
        <entry key="summary" type="xstring" value="Min/Max (0.1, 0.8) normalization on 1 column(s)"/>
    </config>
</config>
