<?xml version="1.0" encoding="UTF-8"?>
<config xmlns="http://www.knime.org/2008/09/XMLConfig" xmlns:xsi="http://www.w3.org/2001/XMLSchema-instance" xsi:schemaLocation="http://www.knime.org/2008/09/XMLConfig http://www.knime.org/XMLConfig_2008_09.xsd" key="model.xml">
    <entry key="version" type="xint" value="1"/>
    <entry key="class_name" type="xstring" value="org.knime.base.data.normalize.NormalizerPortObject"/>
    <config key="model">
        <config key="columns">
            <config key="alcohol">
                <entry key="column_name" type="xstring" value="alcohol"/>
                <entry key="column_scale" type="xdouble" value="1.03448275862069"/>
                <entry key="column_translate" type="xdouble" value="-0.6896551724137954"/>
                <entry key="column_min" type="xdouble" value="8.0"/>
                <entry key="column_max" type="xdouble" value="14.0"/>
            </config>
        </config>
        <entry key="summary" type="xstring" value="Min/Max (8, 14) normalization on 1 column(s)"/>
    </config>
</config>
